{
    "__comment": "Made with TheDestruc7i0n's advancements generator: https://advancements.thedestruc7i0n.ca",
    "display": {
        "title": {
            "text": "Diamond"
        },
        "description": {
            "text": "Description"
        },
        "icon": {
            "item": "minecraft:diamond_ore"
        },
        "frame": "task",
        "show_toast": true,
        "announce_to_chat": true,
        "hidden": false
    },
    "criteria": {},
    "parent": "keks:mining/iron",
    "requirements": [],
    "rewards": {}
}