{
    "__comment": "Made with TheDestruc7i0n's advancements generator: https://advancements.thedestruc7i0n.ca",
    "display": {
        "title": {
            "text": "Stone"
        },
        "description": {
            "text": "Mine a piece of stone"
        },
        "icon": {
            "item": "minecraft:stone"
        },
        "frame": "task",
        "show_toast": true,
        "announce_to_chat": true,
        "hidden": false,
        "background": "minecraft:textures/gui/advancements/backgrounds/stone.png"
    },
    "criteria": {
        "stone": {
            "trigger": "minecraft:inventory_changed",
            "conditions": {
                "items": [
                    {
                        "item": "minecraft:stone",
                        "durability": {
                            "min": 1,
                            "max": 1
                        }
                    }
                ]
            }
        }
    },
    "requirements": [],
    "rewards": {}
}